Age,Gender,OwnHome,Married,Location,Salary,Children,History,Catalogs,AmountSpent
Old,Female,Own,Single,Far,47500,0,High,6,755
Middle,Male,Rent,Single,Close,63600,0,High,6,1318
Young,Female,Rent,Single,Close,13500,0,Low,18,296
Middle,Male,Own,Married,Close,85600,1,High,18,2436
Middle,Female,Own,Single,Close,68400,0,High,12,1304
Young,Male,Own,Married,Close,30400,0,Low,6,495
Middle,Female,Rent,Single,Close,48100,0,Medium,12,782
Middle,Male,Own,Single,Close,68400,0,High,18,1155
Middle,Female,Own,Married,Close,51900,3,Low,6,158
Old,Male,Own,Married,Far,80700,0,NA,18,3034
Young,Male,Rent,Married,Close,43700,1,NA,12,927
Middle,Male,Own,Married,Far,111800,3,High,18,2065
Middle,Female,Own,Married,Close,44100,1,Medium,24,704
Middle,Male,Own,Married,Close,111400,0,High,12,2136
Old,Female,Own,Married,Far,110000,0,High,24,5564
Middle,Female,Own,Married,Far,83100,1,NA,12,2766
Old,Female,Own,Married,Close,82800,0,High,24,3010
Middle,Male,Own,Married,Close,90100,0,High,18,1956
Middle,Male,Rent,Single,Close,38600,1,Low,18,542
Old,Female,Rent,Single,Far,14000,0,Low,12,410
Young,Female,Rent,Single,Far,14300,2,Low,6,194
Young,Male,Rent,Married,Close,49800,0,Medium,12,827
Old,Female,Rent,Married,Far,60200,0,High,18,2328
Young,Male,Rent,Married,Far,43500,1,Medium,12,808
Young,Female,Rent,Married,Close,41700,1,NA,6,521
Middle,Female,Own,Married,Close,92300,3,Low,18,655
Middle,Male,Own,Single,Close,62800,3,NA,6,707
Middle,Female,Rent,Married,Far,72900,0,High,18,2075
Middle,Female,Rent,Married,Close,66900,2,Medium,12,769
Young,Male,Rent,Single,Close,21700,1,NA,18,774
Old,Female,Rent,Married,Close,39700,0,Medium,12,573
Middle,Male,Rent,Married,Far,72200,1,High,12,2082
Middle,Female,Rent,Married,Close,87700,3,NA,24,2446
Middle,Male,Own,Married,Close,104100,0,High,24,2636
Middle,Male,Rent,Single,Far,67700,0,High,12,2226
Middle,Female,Own,Single,Close,27000,2,Low,6,183
Middle,Female,Own,Single,Far,64100,2,High,24,1595
Middle,Male,Rent,Single,Close,47000,1,Medium,12,584
Old,Female,Own,Married,Close,41600,0,NA,18,982
Old,Female,Rent,Single,Close,20100,0,Low,24,576
Middle,Male,Own,Single,Close,64000,3,Low,12,410
Middle,Female,Own,Married,Far,96800,3,NA,24,3082
Middle,Male,Rent,Married,Close,76200,1,NA,24,2437
Old,Female,Rent,Married,Far,81500,0,High,18,3655
Middle,Female,Own,Single,Close,49600,1,Medium,12,844
Old,Female,Own,Married,Close,111500,0,High,18,2510
Middle,Male,Own,Married,Close,77700,0,NA,6,983
Young,Male,Own,Married,Close,58900,0,NA,18,1215
Middle,Male,Own,Married,Close,126500,2,High,18,2000
Middle,Female,Own,Married,Close,83300,1,High,24,2574
Middle,Female,Own,Married,Close,90500,1,High,6,1116
Middle,Female,Own,Married,Far,87200,0,High,18,3604
Middle,Female,Own,Married,Close,105300,1,NA,24,3360
Middle,Female,Own,Single,Far,56000,3,Medium,6,530
Middle,Female,Rent,Single,Close,46600,0,Medium,24,906
Old,Male,Rent,Married,Close,69800,0,High,24,2764
Middle,Male,Own,Single,Close,60300,0,High,24,1263
Young,Male,Rent,Married,Close,67800,0,High,12,1084
Middle,Male,Rent,Single,Close,42300,0,Medium,24,1051
Young,Female,Own,Married,Far,33700,0,NA,6,614
Middle,Male,Own,Single,Close,62700,2,Medium,12,704
Young,Female,Own,Single,Close,25900,2,NA,12,449
Young,Female,Own,Single,Close,15600,1,Low,6,136
Old,Female,Own,Single,Close,14600,0,Low,24,468
Old,Female,Own,Married,Close,62600,0,High,6,565
Young,Male,Rent,Married,Close,66700,0,NA,18,1310
Middle,Male,Own,Married,Far,72500,0,NA,24,2595
Young,Female,Rent,Single,Far,13200,0,NA,24,358
Middle,Female,Own,Single,Close,51300,0,Medium,24,1424
Middle,Male,Own,Single,Far,72300,0,High,24,4182
Young,Female,Rent,Single,Close,15600,0,NA,12,468
Middle,Female,Own,Married,Far,90400,1,High,18,2924
Middle,Male,Own,Single,Far,71500,0,NA,6,964
Young,Male,Rent,Single,Close,14400,0,NA,24,615
Young,Male,Rent,Single,Close,15000,3,Low,6,38
Middle,Male,Own,Single,Close,57600,1,NA,6,1006
Young,Female,Rent,Married,Close,60600,3,Low,12,307
Middle,Male,Own,Married,Far,84300,2,High,18,1648
Young,Female,Own,Single,Close,24400,1,Low,6,220
Young,Female,Rent,Single,Close,22100,2,Low,18,280
Middle,Male,Rent,Married,Far,48800,2,NA,12,1647
Middle,Female,Own,Married,Close,74700,1,Medium,6,704
Young,Female,Rent,Single,Far,32400,1,Medium,24,920
Old,Female,Own,Single,Close,11400,0,NA,6,258
Middle,Male,Own,Married,Close,127000,0,NA,12,1821
Middle,Male,Rent,Single,Close,47200,0,Medium,18,1587
Middle,Female,Own,Single,Close,48700,2,Low,12,528
Young,Male,Rent,Single,Far,20400,0,Medium,18,867
Middle,Male,Rent,Single,Close,39000,0,NA,6,643
Young,Female,Rent,Single,Close,12900,1,Low,6,107
Middle,Female,Rent,Married,Far,67300,1,High,18,1513
Old,Male,Own,Married,Close,134500,0,High,24,4558
Old,Male,Own,Married,Close,75500,0,High,6,741
Old,Female,Own,Married,Far,33600,2,Medium,12,805
Young,Female,Rent,Single,Close,16300,1,NA,12,470
Young,Male,Rent,Married,Close,27400,1,Low,6,278
Middle,Female,Own,Married,Close,110400,3,Low,24,1093
Young,Female,Rent,Single,Far,21100,1,Low,6,470
Middle,Male,Own,Married,Close,81200,0,High,24,1856
Middle,Male,Rent,Married,Far,87100,2,High,18,1688
Young,Female,Rent,Single,Far,21700,3,NA,24,708
Middle,Female,Rent,Single,Close,42200,0,NA,18,1753
Middle,Male,Rent,Single,Far,59000,0,High,24,3044
Middle,Female,Own,Single,Close,52700,2,Low,18,855
Young,Male,Own,Single,Close,20900,0,Low,24,550
Middle,Male,Own,Married,Far,90700,3,High,24,2265
Old,Female,Own,Married,Far,91800,0,NA,24,2452
Young,Female,Own,Single,Far,27900,0,Medium,18,1184
Old,Female,Own,Married,Close,70700,0,High,24,2150
Middle,Male,Own,Married,Close,79600,2,NA,6,1575
Middle,Male,Rent,Married,Close,96400,1,High,24,1822
Middle,Female,Own,Single,Close,46600,2,NA,18,1153
Old,Male,Own,Married,Close,106600,0,High,12,1877
Middle,Female,Rent,Married,Close,104900,3,Low,6,450
Old,Male,Rent,Single,Close,56300,0,Medium,6,873
Young,Female,Rent,Single,Close,14800,1,Low,6,209
Old,Male,Own,Married,Close,58300,0,Medium,24,1472
Middle,Male,Own,Single,Far,70200,0,High,12,1702
Old,Male,Own,Married,Far,59700,0,High,18,1857
Young,Male,Rent,Single,Close,25800,0,NA,6,451
Young,Female,Rent,Single,Close,12000,0,Low,24,344
Middle,Male,Rent,Single,Far,51900,0,High,18,1492
Middle,Female,Own,Single,Far,66800,3,NA,24,2098
Middle,Male,Own,Married,Close,105300,1,NA,18,3505
Young,Female,Rent,Single,Far,13800,3,Low,6,127
Young,Male,Rent,Single,Close,14800,3,NA,12,436
Middle,Female,Own,Married,Far,44200,0,High,24,2524
Young,Male,Rent,Single,Close,10400,0,NA,18,189
Middle,Female,Own,Single,Close,35200,0,Medium,12,607
Young,Female,Rent,Single,Far,16100,0,NA,6,202
Middle,Male,Own,Married,Close,113000,2,Medium,18,1554
Middle,Male,Own,Married,Close,63300,2,NA,6,633
Young,Male,Rent,Single,Close,19100,0,NA,6,176
Middle,Female,Own,Married,Close,93400,2,NA,24,3079
Old,Female,Rent,Married,Far,52500,0,High,24,2038
Middle,Female,Rent,Married,Far,45400,3,Medium,24,1203
Young,Female,Own,Single,Far,21400,3,NA,6,326
Middle,Female,Own,Single,Close,53700,3,Low,12,235
Young,Female,Own,Married,Far,68000,0,High,24,3688
Young,Male,Rent,Single,Close,17400,0,NA,12,332
Young,Female,Rent,Single,Close,14600,1,Low,6,143
Old,Female,Own,Married,Far,100100,0,High,12,3104
Middle,Male,Own,Married,Far,103700,1,High,24,2339
Young,Female,Rent,Single,Far,10800,3,Low,6,123
Middle,Female,Own,Married,Close,81700,3,Low,24,879
Old,Female,Rent,Single,Close,21400,0,Low,18,498
Old,Female,Own,Married,Close,114800,0,High,18,3596
Old,Female,Own,Married,Far,67900,0,High,24,2925
Middle,Male,Own,Married,Close,53700,1,NA,12,1081
Young,Female,Rent,Single,Far,11400,3,NA,12,312
Young,Male,Rent,Married,Close,34300,3,NA,12,1297
Young,Female,Rent,Single,Close,16400,1,Low,12,218
Middle,Female,Own,Married,Far,109800,0,High,18,4279
Middle,Male,Own,Single,Close,64200,0,High,18,1642
Young,Male,Rent,Single,Close,17000,0,NA,18,581
Middle,Female,Rent,Single,Close,41400,3,Low,6,223
Middle,Female,Own,Single,Close,49100,2,Low,6,474
Old,Female,Own,Single,Far,42600,0,High,24,1790
Young,Female,Rent,Single,Close,11900,1,Low,6,143
Middle,Male,Own,Married,Far,113600,2,High,18,3237
Middle,Male,Own,Single,Close,52900,1,NA,24,2316
Young,Female,Rent,Single,Close,14300,1,NA,18,458
Young,Male,Rent,Single,Close,21000,0,Low,24,646
Middle,Male,Own,Single,Far,59600,2,Medium,18,1217
Middle,Female,Rent,Single,Close,39700,3,Low,12,238
Old,Male,Own,Married,Close,51200,0,Medium,12,1293
Middle,Female,Own,Married,Close,88200,0,NA,24,2749
Middle,Male,Own,Married,Far,122100,0,High,12,2408
Old,Female,Rent,Married,Close,84800,0,High,18,2624
Middle,Male,Own,Married,Far,140000,0,High,12,4894
Old,Female,Own,Single,Close,28500,0,Low,24,621
Middle,Male,Rent,Single,Close,60300,0,High,6,701
Young,Female,Rent,Married,Far,51900,0,NA,6,780
Middle,Male,Own,Single,Close,60200,0,Medium,12,1365
Middle,Male,Own,Married,Far,81200,0,High,12,2693
Old,Male,Own,Married,Close,73100,0,High,6,1582
Old,Male,Own,Single,Close,45700,0,Medium,18,724
Old,Female,Rent,Single,Close,28900,0,Low,12,830
Young,Female,Rent,Married,Close,60100,0,NA,18,1594
Middle,Female,Own,Married,Close,84800,1,NA,12,1826
Old,Female,Own,Married,Close,35000,0,Medium,6,473
Young,Female,Rent,Married,Close,61700,0,NA,12,1161
Old,Female,Rent,Married,Close,46900,0,Medium,6,703
Middle,Female,Own,Married,Close,123600,1,NA,12,1892
Young,Male,Rent,Married,Close,45800,0,Medium,6,489
Middle,Male,Own,Married,Far,77800,1,High,18,1813
Middle,Female,Own,Single,Close,48700,1,NA,12,1457
Middle,Female,Rent,Single,Far,39000,3,Low,6,292
Young,Female,Rent,Married,Close,40000,0,NA,6,613
Middle,Female,Rent,Married,Close,118300,1,NA,18,2681
Young,Female,Own,Single,Close,27100,2,Low,24,437
Middle,Female,Rent,Married,Close,91000,2,Medium,6,708
Middle,Female,Own,Married,Close,35300,0,Medium,24,1093
Young,Female,Rent,Single,Far,10200,2,Low,18,213
Young,Female,Rent,Single,Close,12500,1,Low,6,202
Old,Female,Own,Single,Close,64600,0,NA,6,1298
Middle,Male,Own,Married,Far,113800,0,NA,12,3273
Middle,Male,Own,Married,Far,113400,3,High,18,1790
Young,Female,Rent,Single,Close,16900,1,Low,6,247
Young,Female,Rent,Single,Close,13600,1,Low,6,183
Middle,Male,Own,Married,Far,100100,1,High,24,3491
Old,Female,Own,Married,Far,80000,0,High,6,1985
Middle,Male,Own,Married,Close,83900,0,High,24,1721
Middle,Male,Own,Married,Close,77000,0,High,12,2104
Middle,Female,Rent,Married,Close,72900,3,Low,6,252
Young,Male,Rent,Married,Close,80700,3,Low,6,202
Young,Female,Rent,Married,Close,40900,1,Medium,18,962
Young,Female,Rent,Single,Close,26700,1,NA,12,459
Middle,Male,Own,Married,Close,54700,0,Medium,18,848
Old,Female,Rent,Married,Close,23600,1,Low,6,161
Middle,Male,Rent,Single,Far,56900,0,High,24,1857
Middle,Male,Own,Single,Far,68700,1,NA,24,1699
Young,Female,Rent,Single,Close,19300,1,Low,24,308
Young,Male,Rent,Married,Far,20200,1,Low,24,500
Middle,Female,Rent,Married,Far,61500,3,Medium,24,1162
Middle,Female,Own,Married,Far,101700,1,NA,24,2551
Middle,Female,Rent,Married,Far,120800,1,High,24,5830
Young,Female,Rent,Single,Far,17300,1,Low,18,381
Young,Female,Rent,Married,Close,42300,0,NA,6,856
Middle,Male,Rent,Single,Close,53300,0,Medium,18,1720
Middle,Female,Rent,Single,Close,42800,0,Medium,12,759
Middle,Male,Own,Married,Close,98400,0,High,18,3305
Middle,Female,Own,Single,Close,51200,0,Medium,18,1257
Old,Male,Own,Single,Close,62200,0,NA,12,1583
Middle,Male,Own,Married,Close,109200,3,Low,24,1102
Young,Female,Rent,Single,Close,11400,2,NA,6,186
Young,Female,Rent,Single,Close,14000,0,Low,12,229
Old,Female,Rent,Married,Close,97000,0,NA,24,2599
Young,Female,Own,Single,Far,29600,3,NA,12,774
Old,Male,Own,Married,Close,71200,1,Medium,12,638
Old,Female,Rent,Single,Far,15000,0,Low,12,378
Middle,Male,Rent,Married,Far,64000,1,NA,6,1552
Old,Male,Own,Married,Far,33000,0,Medium,12,979
Old,Female,Own,Married,Close,74400,0,High,18,2479
Young,Male,Rent,Single,Far,20300,2,Low,24,450
Middle,Male,Rent,Married,Close,68700,0,High,24,2763
Young,Male,Rent,Married,Far,53600,3,Medium,24,1560
Old,Female,Own,Single,Close,33200,0,Medium,24,1037
Young,Female,Own,Married,Far,70900,0,NA,6,690
Young,Female,Rent,Single,Close,23200,3,NA,24,770
Young,Male,Own,Single,Close,41400,0,Medium,18,643
Young,Female,Rent,Married,Close,63200,0,High,24,1512
Old,Male,Own,Married,Close,107400,0,High,12,1485
Young,Male,Rent,Single,Far,13900,0,NA,24,570
Middle,Female,Rent,Married,Close,79900,1,Medium,18,1165
Middle,Male,Own,Married,Far,120000,3,High,18,1926
Old,Male,Rent,Married,Far,66300,0,NA,18,2243
Middle,Female,Own,Single,Close,54400,3,Low,18,342
Middle,Male,Own,Married,Close,84200,0,High,24,1654
Young,Female,Rent,Married,Close,13800,0,Low,18,363
Young,Female,Rent,Single,Far,14500,1,Low,6,222
Young,Male,Rent,Single,Close,21300,0,Low,24,677
Old,Male,Rent,Single,Close,29000,0,Low,6,482
Old,Female,Rent,Single,Close,14600,1,Low,24,385
Old,Male,Own,Single,Close,65300,0,High,18,1443
Middle,Female,Own,Married,Close,100800,1,High,24,1789
Young,Female,Rent,Single,Far,19800,1,Low,24,991
Middle,Male,Own,Single,Close,56700,2,Low,18,536
Old,Male,Rent,Married,Close,90200,0,High,18,2183
Young,Male,Rent,Single,Close,26100,1,NA,6,494
Young,Female,Rent,Single,Close,15900,0,Low,18,503
Young,Female,Rent,Single,Close,12700,3,Low,12,87
Middle,Male,Rent,Single,Close,43200,0,NA,24,917
Middle,Female,Rent,Married,Close,114100,1,NA,24,1976
Middle,Male,Own,Married,Close,96100,3,Low,12,316
Middle,Male,Own,Married,Close,97200,0,NA,12,1634
Middle,Male,Own,Married,Far,82400,2,High,24,2035
Old,Male,Own,Single,Far,62000,0,High,24,3293
Young,Female,Rent,Single,Close,13400,1,Low,12,143
Middle,Male,Own,Married,Close,108200,3,Low,12,635
Young,Female,Own,Married,Close,76200,0,High,12,979
Middle,Male,Rent,Married,Close,81800,1,High,18,1838
Young,Female,Rent,Single,Far,12000,0,Low,6,264
Middle,Male,Own,Married,Close,76100,0,NA,6,719
Middle,Male,Own,Married,Close,82100,1,High,18,1308
Old,Female,Own,Married,Close,103300,0,High,24,3378
Young,Male,Rent,Single,Close,14200,1,NA,24,400
Middle,Female,Own,Single,Far,47500,0,High,6,847
Young,Female,Rent,Single,Close,31300,1,Low,6,357
Young,Female,Rent,Married,Far,32700,1,NA,18,1276
Middle,Male,Own,Married,Close,72200,0,High,24,2492
Middle,Female,Own,Married,Close,107600,2,Medium,12,1512
Middle,Male,Own,Married,Close,109900,2,Medium,12,870
Middle,Female,Own,Married,Close,65400,2,Medium,24,938
Old,Female,Own,Single,Close,43300,0,NA,12,1584
Old,Female,Own,Single,Close,51900,0,Medium,12,1148
Middle,Female,Own,Married,Far,80600,0,High,24,2840
Middle,Female,Rent,Single,Close,42700,0,Medium,12,827
Young,Male,Rent,Single,Far,19000,0,NA,12,428
Young,Female,Rent,Single,Close,14500,1,Low,6,183
Middle,Female,Own,Married,Close,68200,1,NA,6,818
Young,Male,Rent,Married,Close,36700,0,Medium,12,731
Old,Male,Own,Married,Far,54600,0,High,24,2163
Middle,Male,Own,Married,Close,65900,1,Medium,12,1081
Young,Male,Own,Single,Far,39600,0,NA,12,1085
Young,Male,Rent,Married,Far,67300,3,NA,6,1212
Middle,Male,Own,Single,Close,59700,1,NA,18,1422
Middle,Female,Own,Married,Far,102800,2,High,18,2238
Middle,Female,Rent,Single,Close,34700,0,NA,18,1615
Middle,Male,Own,Single,Close,50600,3,NA,6,713
Middle,Male,Rent,Married,Close,106700,2,Medium,6,607
Middle,Male,Rent,Single,Close,53900,1,Medium,6,735
Young,Female,Rent,Married,Close,25500,2,Low,6,139
Young,Male,Rent,Married,Far,46300,1,Medium,18,1357
Old,Male,Own,Married,Close,55500,0,Medium,18,858
Young,Female,Own,Single,Close,27800,3,NA,12,408
Middle,Male,Own,Married,Close,118600,1,NA,12,1553
Middle,Female,Own,Married,Close,130700,3,NA,6,2070
Old,Male,Rent,Single,Close,42800,0,Medium,12,922
Middle,Female,Own,Married,Far,118300,1,High,12,2502
Young,Female,Rent,Single,Far,25600,2,NA,18,426
Middle,Male,Rent,Married,Close,63500,2,NA,24,2321
Old,Female,Own,Single,Close,30900,0,Medium,18,862
Middle,Male,Own,Single,Close,55900,1,NA,24,2555
Middle,Male,Own,Single,Far,53900,0,NA,12,1186
Old,Male,Own,Married,Close,84300,0,High,24,2842
Old,Male,Own,Single,Close,53400,1,Medium,12,886
Middle,Male,Own,Married,Close,96900,1,High,12,1420
Middle,Male,Rent,Single,Far,55800,1,NA,6,821
Young,Female,Rent,Married,Close,25900,1,Low,6,242
Young,Female,Rent,Single,Close,22000,1,Low,12,472
Middle,Female,Rent,Married,Close,96700,2,Medium,12,1231
Middle,Female,Rent,Single,Close,40200,1,NA,12,881
Old,Male,Own,Married,Close,26800,0,Low,12,435
Young,Female,Rent,Single,Close,16700,2,Low,12,108
Young,Female,Rent,Married,Close,40900,2,Low,18,576
Young,Male,Rent,Married,Far,41500,3,NA,24,1314
Young,Male,Rent,Single,Close,20900,0,NA,6,296
Young,Female,Rent,Married,Close,69700,2,Medium,6,584
Middle,Male,Rent,Single,Close,61800,0,High,24,1156
Middle,Male,Own,Married,Close,102500,1,High,24,2464
Middle,Female,Own,Married,Close,48900,3,NA,18,915
Middle,Male,Own,Single,Close,60300,0,NA,24,2091
Young,Male,Rent,Married,Far,41600,0,High,24,1690
Middle,Male,Own,Single,Close,73700,1,Medium,12,1274
Young,Female,Rent,Single,Close,27000,1,NA,24,1012
Middle,Female,Rent,Single,Close,43700,0,Medium,12,950
Young,Male,Rent,Single,Close,10200,2,NA,12,333
Middle,Female,Own,Married,Close,63300,2,Medium,24,679
Young,Female,Own,Single,Far,33200,2,Medium,12,607
Old,Female,Own,Married,Far,78800,0,High,18,3398
Middle,Male,Own,Married,Close,82500,0,High,6,859
Middle,Male,Own,Single,Far,80800,2,High,18,2444
Middle,Male,Own,Married,Close,88100,2,Medium,24,1078
Middle,Male,Rent,Married,Far,124800,3,High,18,2537
Young,Male,Own,Single,Close,31900,0,Medium,6,616
Middle,Female,Own,Single,Close,53300,3,NA,6,508
Old,Male,Own,Married,Far,15400,0,Low,6,297
Middle,Male,Own,Married,Close,70200,0,NA,6,1583
Young,Female,Rent,Single,Close,23000,3,Low,6,79
Middle,Female,Own,Married,Close,82400,2,Medium,18,657
Middle,Female,Own,Married,Close,97900,0,High,24,2149
Old,Female,Rent,Married,Far,88400,0,High,18,3632
Middle,Female,Own,Married,Close,86900,0,High,18,2230
Middle,Female,Own,Single,Close,45100,1,Medium,12,448
Middle,Male,Rent,Single,Close,41800,3,Low,24,301
Old,Male,Own,Married,Close,74800,0,High,18,1968
Middle,Female,Rent,Married,Close,73000,1,Medium,6,490
Middle,Male,Own,Married,Close,118500,1,High,24,3063
Middle,Male,Own,Single,Close,65300,3,Low,6,193
Middle,Female,Rent,Married,Close,66300,2,Medium,12,544
Middle,Male,Own,Married,Far,103900,1,High,24,2666
Middle,Female,Own,Married,Close,71900,0,High,18,1846
Middle,Male,Own,Married,Far,86100,1,NA,12,1255
Middle,Male,Own,Married,Close,96300,1,High,12,1081
Young,Female,Rent,Single,Close,10200,3,NA,6,199
Middle,Male,Own,Married,Close,96300,2,NA,18,3916
Old,Female,Own,Single,Far,24000,1,Low,6,357
Middle,Female,Rent,Married,Close,46700,0,Medium,24,983
Middle,Female,Rent,Single,Close,53700,2,NA,12,1194
Middle,Male,Rent,Married,Close,108300,2,NA,12,2224
Young,Female,Rent,Single,Close,12100,1,Low,6,90
Young,Male,Rent,Married,Close,36600,0,NA,6,587
Old,Male,Own,Married,Close,66300,0,High,12,1088
Young,Female,Own,Single,Close,33400,1,NA,6,617
Middle,Male,Own,Married,Far,70000,1,NA,6,1227
Middle,Female,Own,Single,Close,47900,1,Medium,24,662
Middle,Female,Rent,Married,Close,40500,2,Low,18,622
Old,Male,Own,Single,Close,69100,0,High,12,1477
Young,Female,Rent,Single,Close,13300,1,NA,6,236
Middle,Female,Rent,Married,Far,75800,1,High,12,1830
Middle,Female,Rent,Married,Close,48600,0,Medium,24,1583
Old,Female,Own,Single,Close,39600,0,Medium,12,610
Young,Female,Rent,Single,Close,11700,0,Low,12,193
Young,Male,Rent,Married,Close,52600,1,Medium,12,1052
Young,Male,Rent,Single,Close,14600,3,NA,6,307
Old,Male,Own,Married,Close,123000,0,High,24,3671
Old,Female,Rent,Married,Far,64600,0,High,18,2206
Middle,Female,Own,Single,Far,34600,2,Medium,18,748
Middle,Male,Own,Married,Close,74500,0,High,6,1481
Old,Male,Own,Married,Close,56600,0,NA,24,1607
Old,Female,Rent,Single,Close,37000,1,NA,6,632
Young,Female,Rent,Single,Far,18400,1,Low,6,303
Young,Male,Rent,Single,Close,25000,0,Low,6,264
Middle,Male,Own,Married,Far,61400,1,High,24,1575
Middle,Male,Own,Married,Close,76400,2,Medium,18,881
Young,Male,Own,Married,Close,55100,0,Medium,18,1439
Old,Female,Own,Married,Far,22800,0,NA,12,452
Old,Female,Own,Married,Close,10100,1,Low,6,93
Young,Male,Rent,Single,Close,17800,0,Low,18,292
Middle,Female,Own,Married,Close,59100,1,NA,6,1426
Young,Female,Rent,Single,Far,19700,2,Low,6,330
Middle,Male,Own,Married,Far,73800,0,High,24,3120
Middle,Male,Own,Married,Far,113300,1,High,18,5151
Middle,Male,Own,Married,Far,118400,2,NA,12,3941
Middle,Male,Own,Married,Close,92300,1,NA,24,2141
Young,Male,Rent,Single,Close,11200,0,NA,6,106
Young,Female,Rent,Married,Far,30100,0,Medium,12,530
Middle,Female,Own,Single,Close,43500,1,Medium,12,500
Middle,Male,Own,Married,Close,97500,0,High,18,2837
Old,Male,Own,Married,Close,54600,0,Medium,24,1246
Middle,Male,Rent,Single,Far,42500,1,NA,6,798
Middle,Male,Own,Single,Close,82800,0,NA,6,1544
Old,Male,Own,Married,Far,62300,0,High,24,2644
Young,Male,Rent,Single,Far,21900,2,NA,6,192
Middle,Female,Rent,Single,Far,35600,3,Low,18,865
Middle,Male,Own,Married,Close,96900,0,High,6,1159
Young,Female,Rent,Married,Close,36900,1,NA,18,1480
Middle,Female,Rent,Married,Close,93500,1,High,18,1426
Middle,Male,Own,Married,Close,97300,1,NA,12,3048
Young,Male,Rent,Single,Close,21900,0,Low,12,276
Middle,Male,Rent,Single,Close,63000,0,High,24,1910
Young,Female,Rent,Single,Close,11500,3,NA,6,157
Middle,Male,Own,Single,Close,44600,2,Low,6,236
Young,Female,Rent,Single,Close,21900,1,NA,12,576
Middle,Male,Rent,Single,Far,45100,1,Medium,12,794
Old,Female,Own,Married,Close,74900,0,High,12,1474
Young,Male,Rent,Single,Close,14200,0,Low,6,250
Young,Female,Rent,Single,Far,23200,2,NA,24,788
Old,Male,Own,Married,Close,73300,0,NA,12,1694
Old,Male,Own,Married,Far,41300,0,High,24,1985
Old,Female,Own,Single,Far,32700,0,Medium,24,1252
Old,Female,Own,Single,Close,35200,0,NA,12,827
Young,Female,Rent,Single,Close,13100,0,NA,18,314
Middle,Male,Own,Married,Close,97400,1,High,6,880
Young,Female,Rent,Single,Far,23100,2,Low,6,466
Middle,Male,Own,Single,Close,49200,3,Low,12,210
Middle,Male,Own,Single,Far,45000,1,NA,18,902
Middle,Male,Own,Married,Close,87200,0,High,18,1274
Middle,Male,Own,Single,Close,49900,1,NA,24,1631
Middle,Male,Own,Married,Close,66900,0,High,12,1220
Middle,Female,Own,Single,Close,47600,1,Medium,12,801
Middle,Female,Own,Single,Close,47900,0,NA,12,1090
Middle,Male,Own,Single,Close,59400,0,Medium,18,1699
Middle,Female,Rent,Single,Close,32700,2,Low,6,273
Middle,Male,Rent,Single,Close,34200,1,Low,18,523
Middle,Male,Own,Married,Close,96600,0,NA,12,1437
Middle,Female,Own,Married,Close,126300,1,High,6,1888
Young,Male,Rent,Single,Close,31600,1,NA,12,476
Middle,Female,Own,Married,Far,108100,3,High,18,2632
Middle,Female,Rent,Single,Close,43300,3,Low,24,326
Old,Female,Rent,Single,Far,17900,0,Low,6,446
Middle,Male,Own,Single,Far,50100,1,High,18,1071
Old,Female,Own,Married,Close,74700,0,High,12,1699
Old,Male,Rent,Married,Close,60000,0,Medium,6,966
Young,Male,Own,Single,Close,33400,0,NA,12,567
Middle,Female,Rent,Married,Close,68800,0,NA,6,1658
Middle,Female,Rent,Single,Close,25700,2,Low,6,173
Middle,Male,Own,Married,Close,83700,0,High,24,3344
Middle,Male,Rent,Single,Close,50500,0,Medium,12,1029
Young,Female,Rent,Single,Close,17300,0,Low,12,345
Middle,Male,Own,Single,Close,45800,0,NA,6,712
Old,Male,Own,Married,Close,108900,0,High,12,1841
Middle,Female,Rent,Married,Close,60500,2,Low,6,409
Old,Female,Own,Married,Far,84100,0,High,18,2710
Young,Male,Rent,Married,Far,25100,0,Medium,12,592
Middle,Male,Own,Married,Close,69900,1,NA,18,2101
Middle,Male,Own,Married,Close,97100,0,NA,12,1473
Middle,Female,Own,Married,Close,72200,2,Medium,18,715
Old,Female,Own,Married,Far,78900,0,High,18,2233
Middle,Female,Own,Single,Far,62500,3,NA,6,921
Young,Female,Rent,Single,Close,17800,1,Low,6,216
Middle,Female,Own,Married,Close,105500,1,High,6,1781
Middle,Female,Own,Single,Close,46100,2,Low,12,418
Young,Male,Rent,Single,Close,27100,1,Low,12,268
Young,Male,Rent,Married,Far,60300,1,NA,6,1252
Young,Female,Rent,Single,Close,12000,0,Low,6,140
Middle,Female,Own,Single,Close,48400,0,Medium,12,992
Middle,Male,Rent,Single,Close,45600,0,Medium,18,1388
Middle,Female,Own,Single,Close,35200,2,Low,6,233
Middle,Male,Rent,Single,Far,60200,0,High,24,2304
Middle,Female,Rent,Married,Far,53900,1,High,18,2177
Middle,Male,Own,Married,Close,70400,2,NA,12,1127
Young,Male,Rent,Married,Close,36900,0,Medium,18,721
Old,Female,Own,Single,Close,36100,0,Medium,12,438
Young,Female,Rent,Single,Close,11000,2,NA,18,393
Middle,Male,Own,Single,Close,61600,0,NA,18,1666
Middle,Male,Own,Married,Close,88700,1,NA,18,2448
Middle,Female,Own,Married,Far,88600,1,High,18,2563
Middle,Male,Rent,Married,Close,79500,0,High,18,1763
Young,Female,Rent,Single,Close,18900,1,Low,6,184
Old,Female,Own,Single,Close,17300,0,Low,6,166
Middle,Female,Rent,Married,Close,81400,2,NA,6,1014
Young,Male,Rent,Married,Close,36500,0,Medium,24,1140
Middle,Female,Own,Single,Close,43300,1,NA,18,1021
Middle,Male,Own,Married,Close,76700,1,Medium,24,1431
Middle,Male,Own,Married,Far,123000,1,High,24,5878
Middle,Male,Own,Single,Close,56300,3,Low,6,321
Middle,Male,Own,Married,Close,70000,0,High,24,1974
Middle,Male,Own,Single,Close,48100,0,Medium,18,1640
Young,Female,Rent,Married,Close,79400,0,NA,6,1175
Middle,Female,Own,Married,Close,63700,3,Low,12,364
Young,Male,Rent,Single,Close,21200,0,NA,12,417
Middle,Male,Rent,Single,Close,53900,0,Medium,12,1060
Old,Female,Own,Married,Close,118800,0,High,18,2176
Middle,Female,Own,Married,Close,79400,3,Low,6,200
Old,Female,Rent,Single,Far,20400,0,NA,24,513
Middle,Male,Rent,Single,Close,52400,0,NA,18,857
Old,Female,Own,Single,Close,17600,0,Low,6,224
Young,Male,Rent,Single,Close,23500,0,Low,12,371
Young,Male,Rent,Married,Close,56900,2,Low,12,687
Middle,Male,Own,Married,Close,95100,2,Medium,12,809
Middle,Male,Own,Married,Close,119800,2,Medium,24,2090
Old,Male,Own,Single,Close,58700,0,NA,24,1479
Middle,Female,Own,Married,Close,76700,2,Medium,6,534
Middle,Male,Own,Married,Close,67600,1,Medium,18,1172
Middle,Male,Own,Single,Close,61500,2,Medium,24,968
Old,Female,Own,Married,Close,72900,0,High,6,753
Old,Female,Rent,Single,Close,21200,0,Low,6,242
Old,Male,Rent,Single,Close,32400,1,Low,12,515
Middle,Female,Own,Married,Close,62200,3,NA,24,2119
Old,Female,Own,Single,Close,24400,0,Low,6,491
Middle,Male,Own,Married,Close,66500,3,Low,12,286
Old,Female,Rent,Married,Far,72200,0,High,24,3069
Young,Female,Rent,Single,Close,16900,2,NA,6,281
Young,Male,Rent,Married,Close,56300,0,NA,24,1608
Old,Female,Own,Single,Far,22000,0,Medium,12,736
Young,Female,Rent,Single,Close,18800,2,Low,18,170
Young,Female,Rent,Single,Close,26600,2,Low,24,245
Middle,Female,Rent,Married,Close,72100,0,High,24,3052
Middle,Male,Own,Single,Far,55600,0,High,18,1786
Young,Female,Rent,Single,Close,14600,3,Low,6,47
Old,Male,Own,Married,Close,45900,0,Medium,24,1645
Young,Female,Own,Single,Close,15100,0,Low,6,274
Middle,Male,Own,Married,Close,140700,3,Medium,12,1001
Middle,Male,Own,Married,Close,90300,0,High,24,1944
Old,Male,Own,Married,Close,95900,0,High,24,2585
Young,Male,Rent,Single,Far,20800,0,NA,6,260
Middle,Male,Own,Married,Close,98400,0,High,12,1414
Young,Female,Rent,Single,Close,15000,2,NA,12,341
Young,Male,Rent,Single,Close,17700,1,Low,12,268
Middle,Male,Own,Married,Close,102400,1,High,18,1237
Young,Male,Rent,Single,Far,17800,1,NA,18,589
Young,Male,Rent,Single,Far,13800,1,Low,12,368
Middle,Female,Rent,Single,Close,50500,1,Medium,12,940
Middle,Female,Rent,Single,Close,42000,3,Low,18,232
Middle,Male,Own,Married,Close,95800,3,Low,12,678
Young,Male,Rent,Single,Close,15200,0,NA,12,324
Young,Male,Rent,Single,Close,15800,2,Low,12,147
Old,Male,Own,Single,Close,51400,0,NA,6,694
Old,Female,Rent,Married,Close,38200,0,Medium,6,526
Middle,Female,Rent,Single,Close,39900,1,Low,12,586
Young,Female,Own,Single,Close,21600,2,NA,12,491
Old,Female,Own,Married,Close,65900,0,High,24,1436
Middle,Female,Own,Married,Close,97500,1,High,12,1280
Middle,Male,Rent,Married,Far,63000,0,High,18,2107
Young,Female,Own,Single,Far,31900,0,NA,12,860
Middle,Female,Rent,Single,Far,45500,1,NA,18,1624
Old,Female,Own,Single,Close,12800,0,NA,12,230
Old,Female,Own,Married,Far,12600,2,Low,12,164
Middle,Male,Rent,Single,Close,50700,3,Low,6,157
Young,Female,Rent,Single,Close,17900,3,Low,6,62
Young,Female,Rent,Single,Close,14400,1,Low,18,223
Old,Female,Own,Single,Close,23800,0,Low,6,438
Middle,Male,Own,Married,Close,84700,3,NA,24,2705
Middle,Female,Rent,Single,Close,36900,1,Low,6,371
Old,Female,Own,Single,Close,20600,0,Low,6,201
Young,Male,Rent,Married,Close,41500,0,NA,24,1213
Middle,Male,Own,Married,Close,83100,2,Medium,6,586
Middle,Male,Own,Married,Far,88700,2,High,24,2693
Old,Female,Own,Married,Close,54700,0,Medium,24,1404
Middle,Male,Own,Single,Close,68900,2,NA,18,2784
Young,Female,Rent,Single,Close,22200,2,Low,18,275
Middle,Female,Own,Married,Close,70900,1,Medium,12,794
Middle,Male,Own,Single,Close,55900,0,Medium,12,964
Middle,Female,Own,Married,Close,80800,1,NA,18,1598
Middle,Male,Own,Married,Far,100600,3,High,24,2838
Old,Female,Own,Single,Close,39900,0,NA,6,619
Young,Female,Rent,Married,Close,71200,3,Low,12,392
Old,Female,Own,Married,Close,61000,0,NA,18,1850
Old,Male,Own,Single,Close,38700,0,NA,24,1506
Middle,Male,Own,Married,Far,98900,0,NA,18,3126
Middle,Male,Own,Single,Close,64300,0,NA,6,1325
Middle,Female,Own,Married,Close,75600,0,NA,12,1541
Young,Female,Rent,Married,Far,53700,0,High,24,2491
Middle,Male,Own,Single,Close,66600,0,High,18,1177
Old,Female,Own,Married,Close,89000,0,High,12,1487
Young,Female,Rent,Single,Far,18200,2,Low,12,322
Young,Female,Rent,Married,Close,73600,1,Medium,6,647
Middle,Female,Rent,Single,Far,45600,0,High,12,1322
Young,Male,Own,Married,Close,73000,0,NA,6,1534
Young,Male,Own,Single,Close,29600,3,NA,12,583
Middle,Male,Rent,Married,Close,92900,1,NA,6,1705
Old,Female,Rent,Single,Far,13900,0,Low,6,191
Young,Male,Rent,Married,Close,64300,3,Low,6,239
Middle,Male,Own,Married,Close,77100,2,Medium,6,568
Young,Female,Own,Single,Close,27500,3,NA,12,571
Old,Male,Rent,Married,Close,81800,0,High,6,919
Old,Female,Rent,Married,Close,41700,0,Medium,18,1398
Old,Female,Own,Married,Close,51000,0,Medium,12,1025
Middle,Male,Rent,Single,Close,55900,1,Medium,12,909
Young,Male,Rent,Single,Close,19800,2,Low,12,209
Young,Male,Rent,Single,Close,17600,0,NA,6,245
Middle,Male,Rent,Married,Far,84100,1,High,24,2362
Middle,Male,Own,Married,Close,85600,0,High,24,3380
Young,Male,Rent,Single,Close,13400,0,Low,18,424
Young,Female,Rent,Married,Far,47200,1,Medium,12,1272
Middle,Male,Own,Married,Close,96300,1,High,24,1909
Middle,Male,Own,Married,Close,60500,3,Low,12,340
Middle,Female,Own,Single,Close,35800,1,NA,24,1355
Middle,Male,Rent,Married,Close,106100,3,Low,12,472
Young,Male,Rent,Single,Close,18000,0,Low,12,303
Middle,Male,Rent,Single,Far,50000,1,NA,6,1079
Old,Female,Own,Single,Close,58200,0,Medium,18,981
Young,Female,Rent,Single,Far,13500,2,Low,12,160
Middle,Female,Own,Married,Close,59900,1,NA,6,613
Young,Female,Rent,Single,Far,18400,1,Low,12,662
Middle,Male,Rent,Married,Close,62800,3,Low,6,177
Middle,Male,Rent,Single,Close,70000,0,High,6,785
Young,Female,Rent,Single,Far,13600,1,NA,18,349
Middle,Female,Rent,Married,Close,97400,3,Low,6,213
Old,Female,Own,Married,Far,37500,0,Medium,18,1578
Old,Female,Own,Single,Close,22800,0,Low,6,258
Young,Female,Rent,Single,Close,14200,0,NA,6,192
Young,Male,Rent,Single,Close,18700,0,Low,12,289
Middle,Male,Own,Married,Close,107400,1,High,24,1821
Young,Female,Rent,Single,Far,28900,0,Medium,24,905
Middle,Male,Rent,Married,Close,38400,2,Low,6,188
Middle,Male,Rent,Single,Close,54200,0,NA,18,1405
Old,Male,Own,Married,Close,102700,0,NA,18,2381
Young,Female,Rent,Single,Close,13300,1,Low,6,184
Middle,Male,Own,Single,Close,60200,3,NA,12,1364
Young,Male,Rent,Single,Close,21400,0,NA,12,414
Young,Female,Rent,Single,Close,21700,2,NA,6,387
Young,Male,Rent,Single,Close,23200,1,Low,24,504
Middle,Male,Own,Married,Close,64800,2,Medium,12,574
Middle,Male,Rent,Single,Close,55600,0,Medium,6,984
Middle,Male,Own,Married,Far,89500,0,High,24,5209
Young,Female,Rent,Single,Far,12500,1,NA,12,422
Middle,Male,Own,Married,Close,87000,0,High,24,1594
Middle,Female,Rent,Single,Far,31200,3,NA,24,1087
Young,Female,Rent,Single,Close,13700,1,NA,6,163
Middle,Male,Own,Single,Close,55500,3,Low,18,427
Middle,Female,Rent,Single,Close,58600,1,Medium,6,624
Young,Female,Own,Married,Far,55900,1,NA,6,788
Young,Female,Rent,Single,Far,13700,2,NA,24,414
Old,Female,Own,Married,Far,81400,0,High,24,3001
Old,Female,Own,Married,Close,90500,0,High,6,863
Middle,Female,Own,Married,Close,82200,1,NA,12,1517
Middle,Male,Own,Married,Far,65400,3,NA,6,836
Middle,Male,Own,Single,Close,74400,0,High,12,1152
Young,Male,Rent,Married,Far,63300,3,NA,6,1408
Young,Male,Rent,Married,Far,51600,0,NA,12,1082
Young,Male,Rent,Married,Far,55000,0,NA,12,1162
Middle,Female,Own,Single,Close,43900,2,Low,6,358
Young,Female,Own,Single,Close,20300,1,Low,12,304
Young,Female,Own,Single,Far,16300,0,NA,12,360
Middle,Male,Own,Married,Close,97600,2,Medium,12,1162
Old,Female,Rent,Single,Far,15100,0,Low,6,348
Young,Female,Rent,Single,Close,12500,3,NA,12,206
Young,Female,Rent,Single,Close,10600,2,Low,12,114
Middle,Female,Own,Single,Close,41300,1,NA,18,932
Young,Female,Own,Single,Close,27200,2,Low,18,446
Middle,Male,Own,Married,Close,102400,1,NA,12,2466
Young,Female,Own,Single,Far,27900,1,NA,12,576
Old,Male,Rent,Married,Far,23800,0,NA,12,428
Middle,Male,Own,Married,Close,100000,1,High,24,2247
Middle,Female,Rent,Married,Far,43300,3,Medium,24,716
Middle,Male,Own,Married,Close,65800,1,NA,12,1017
Middle,Female,Own,Married,Close,49700,2,Low,18,613
Middle,Female,Rent,Married,Close,82300,2,Medium,12,580
Middle,Male,Rent,Single,Close,41200,0,Medium,12,841
Young,Male,Rent,Single,Close,29200,0,Low,18,737
Middle,Female,Own,Single,Close,51900,2,NA,12,1162
Middle,Female,Own,Married,Close,85500,2,Medium,18,895
Young,Female,Rent,Single,Far,12400,3,Low,18,205
Middle,Female,Own,Married,Close,111900,1,NA,12,2340
Middle,Female,Rent,Single,Close,40400,1,Low,24,630
Young,Male,Rent,Single,Far,10900,0,Low,24,407
Middle,Male,Own,Married,Close,82400,3,NA,18,2122
Young,Female,Rent,Single,Close,13200,1,Low,12,227
Middle,Male,Rent,Single,Close,57800,0,Medium,24,1149
Old,Female,Own,Married,Close,52200,1,Medium,12,669
Middle,Male,Rent,Married,Far,64600,2,NA,24,2935
Middle,Female,Own,Single,Close,43100,0,NA,24,1444
Old,Female,Own,Married,Far,40100,0,Medium,12,1384
Old,Male,Own,Married,Close,84500,0,NA,12,1557
Old,Male,Rent,Married,Close,34500,0,Medium,12,802
Young,Female,Rent,Married,Close,61000,1,NA,18,1611
Old,Female,Own,Married,Far,79300,0,NA,12,2047
Middle,Male,Rent,Single,Close,44500,0,Medium,24,1175
Young,Male,Rent,Married,Close,39700,0,Medium,18,1011
Old,Female,Own,Single,Close,30300,0,Low,18,1062
Young,Female,Rent,Single,Close,20100,1,Low,12,271
Old,Male,Own,Married,Far,86500,0,High,24,2690
Old,Female,Rent,Single,Close,42500,0,Medium,24,918
Middle,Male,Own,Married,Close,102300,0,High,24,2438
Middle,Female,Own,Single,Far,52600,2,Medium,12,1307
Middle,Female,Rent,Single,Far,37800,2,NA,12,1185
Young,Female,Rent,Single,Close,20300,2,Low,12,180
Middle,Male,Own,Married,Close,71600,1,NA,12,1198
Young,Male,Rent,Married,Close,54500,1,Medium,18,1001
Middle,Male,Rent,Single,Close,54700,0,Medium,24,1355
Middle,Male,Rent,Single,Far,58600,2,NA,6,989
Middle,Male,Rent,Single,Far,53800,0,High,12,1803
Middle,Female,Own,Married,Close,131500,3,NA,6,2840
Middle,Male,Rent,Single,Far,52200,0,High,24,1909
Young,Male,Rent,Married,Close,37200,1,Low,6,247
Young,Male,Rent,Single,Far,22900,1,NA,12,814
Young,Male,Rent,Married,Close,55500,3,Low,12,216
Young,Female,Rent,Single,Far,12800,1,NA,24,365
Young,Female,Rent,Single,Close,17600,2,Low,18,163
Old,Female,Own,Single,Far,28300,0,Medium,24,933
Old,Male,Own,Single,Close,41900,0,Medium,6,654
Young,Female,Rent,Single,Close,14100,3,NA,6,153
Middle,Male,Rent,Single,Close,52100,0,NA,12,1668
Middle,Male,Rent,Single,Far,38700,1,Medium,18,1009
Middle,Female,Rent,Single,Far,44100,1,Medium,18,1659
Middle,Male,Own,Married,Far,79200,1,High,6,1905
Young,Female,Rent,Single,Close,22600,3,NA,6,521
Middle,Male,Rent,Single,Close,55100,2,NA,6,826
Old,Female,Own,Married,Far,70400,0,High,18,2610
Middle,Male,Own,Married,Close,107300,2,Medium,24,1194
Middle,Female,Rent,Married,Close,66500,1,NA,24,1181
Young,Male,Rent,Single,Close,10200,0,NA,24,362
Young,Female,Own,Single,Far,41000,1,Medium,12,768
Middle,Female,Rent,Single,Close,26200,1,Low,12,381
Middle,Male,Rent,Married,Far,72200,3,Medium,18,1811
Middle,Male,Rent,Single,Far,36700,1,Medium,24,1218
Old,Male,Own,Married,Far,74500,0,NA,18,1413
Middle,Female,Own,Single,Close,60200,1,NA,12,1748
Old,Male,Rent,Single,Close,34500,0,Medium,24,639
Old,Female,Own,Married,Close,83700,0,High,18,1582
Young,Male,Rent,Single,Far,14800,1,NA,12,376
Middle,Male,Own,Married,Close,106400,0,NA,12,1757
Young,Female,Rent,Married,Close,42000,3,Low,6,105
Middle,Male,Rent,Married,Close,118800,0,High,12,2631
Young,Female,Own,Single,Far,21900,2,Low,24,486
Middle,Male,Rent,Single,Close,39500,1,NA,6,412
Middle,Male,Rent,Single,Close,45900,0,Medium,12,716
Young,Female,Rent,Married,Close,37100,2,Low,24,653
Middle,Female,Rent,Single,Close,28200,1,Low,6,224
Middle,Male,Rent,Married,Close,74600,2,Medium,18,705
Middle,Male,Own,Married,Close,122700,1,NA,18,4984
Young,Female,Rent,Single,Close,14200,2,Low,18,197
Middle,Male,Own,Married,Far,75500,0,NA,18,2450
Middle,Male,Own,Single,Close,62900,0,NA,24,2561
Young,Male,Rent,Single,Far,19400,0,Low,6,563
Middle,Female,Rent,Single,Close,46600,0,NA,12,546
Middle,Male,Own,Married,Far,79700,1,High,24,3384
Middle,Male,Own,Single,Close,45900,2,Low,12,416
Old,Female,Own,Married,Close,42800,0,Medium,6,685
Old,Male,Own,Married,Far,65500,0,High,24,1931
Old,Female,Rent,Single,Close,33600,0,Medium,12,573
Middle,Female,Own,Single,Far,55600,1,High,18,1553
Young,Female,Rent,Single,Close,24000,2,NA,6,362
Young,Male,Rent,Single,Far,25700,0,Medium,18,907
Old,Female,Own,Married,Close,21500,0,Low,18,445
Old,Female,Rent,Married,Close,68600,0,High,18,1342
Young,Female,Rent,Single,Far,23100,2,Low,12,457
Middle,Female,Rent,Married,Close,53300,0,Medium,24,1598
Old,Female,Own,Married,Close,112800,0,High,12,1861
Old,Male,Own,Married,Close,124900,0,High,18,4109
Middle,Female,Own,Single,Close,72200,0,NA,18,3278
Middle,Male,Rent,Single,Close,35100,1,Low,6,421
Old,Female,Rent,Single,Close,14900,0,NA,12,275
Middle,Male,Rent,Single,Close,72000,0,High,12,1475
Middle,Male,Own,Married,Close,82400,0,High,18,1779
Young,Male,Rent,Married,Close,41600,3,NA,24,1634
Middle,Female,Own,Married,Close,68500,2,NA,12,1500
Young,Male,Own,Married,Close,62200,0,High,24,1348
Old,Female,Own,Single,Close,35900,0,NA,12,962
Young,Male,Rent,Single,Close,14100,0,Low,12,328
Young,Female,Rent,Married,Close,36500,1,NA,18,747
Middle,Female,Own,Married,Close,86400,1,High,12,1713
Old,Female,Rent,Married,Close,39500,0,Medium,12,1006
Old,Male,Own,Married,Close,85300,0,NA,12,2523
Old,Female,Own,Married,Close,110700,0,High,12,2458
Young,Male,Rent,Single,Far,17700,0,Low,18,742
Young,Female,Rent,Married,Far,33200,1,NA,24,1639
Middle,Female,Own,Single,Close,53800,0,Medium,12,843
Old,Male,Rent,Single,Close,44400,0,Medium,18,886
Middle,Female,Rent,Married,Close,135700,1,High,24,2746
Young,Female,Rent,Single,Far,20700,1,Low,12,550
Middle,Male,Rent,Married,Far,83500,2,High,24,2098
Middle,Female,Rent,Married,Close,84200,2,Medium,24,954
Middle,Female,Rent,Married,Close,79900,1,Medium,12,1041
Old,Female,Rent,Single,Far,19700,0,Low,6,535
Middle,Female,Rent,Single,Close,35300,0,NA,18,1369
Old,Male,Own,Married,Far,52000,0,High,18,2545
Young,Male,Rent,Single,Close,21300,1,NA,12,329
Middle,Male,Own,Single,Close,63700,0,NA,6,1351
Old,Female,Own,Married,Close,25900,0,Low,18,582
Middle,Male,Rent,Married,Close,65800,2,Medium,18,578
Old,Female,Rent,Single,Close,11000,0,NA,24,195
Old,Female,Rent,Married,Close,65900,0,High,12,777
Middle,Female,Own,Married,Close,108100,1,High,12,1133
Middle,Male,Own,Married,Close,107300,2,Medium,18,1566
Middle,Female,Rent,Married,Close,79500,0,High,12,1651
Middle,Female,Rent,Married,Close,95900,0,NA,24,3168
Middle,Male,Rent,Single,Close,45200,1,Medium,18,699
Middle,Male,Own,Married,Close,98500,0,High,18,2034
Old,Female,Own,Married,Close,96200,0,High,12,1457
Young,Male,Rent,Single,Close,17900,0,NA,18,395
Middle,Male,Own,Married,Close,42700,0,Medium,6,541
Middle,Male,Own,Single,Far,49700,0,High,24,2844
Middle,Female,Rent,Single,Close,43000,3,Low,24,225
Young,Female,Rent,Single,Close,15500,1,Low,6,210
Young,Male,Rent,Single,Close,13000,3,Low,6,43
Middle,Female,Rent,Single,Close,27200,3,Low,24,243
Old,Female,Own,Married,Close,26700,0,Low,24,1120
Old,Male,Own,Single,Far,61000,0,High,6,975
Middle,Female,Own,Married,Close,76600,3,NA,24,2904
Middle,Male,Own,Married,Close,117500,2,Medium,12,927
Old,Male,Own,Married,Close,90600,0,High,24,3167
Young,Female,Rent,Single,Far,12600,0,Low,6,241
Old,Female,Own,Single,Close,12700,2,Low,6,65
Middle,Female,Own,Married,Far,77600,3,Medium,12,858
Middle,Female,Rent,Married,Far,92400,1,NA,6,2191
Old,Female,Rent,Married,Close,71800,0,High,24,1946
Middle,Male,Own,Married,Far,95800,3,NA,12,2581
Young,Female,Own,Single,Close,32600,3,Low,12,172
Middle,Male,Own,Married,Close,74500,2,Medium,12,824
Old,Female,Rent,Single,Close,29200,0,Low,12,556
Young,Female,Rent,Single,Far,12900,1,Low,6,167
Middle,Male,Rent,Married,Close,117700,1,High,12,2104
Middle,Female,Own,Married,Close,64100,1,Medium,18,1332
Middle,Female,Rent,Single,Close,46500,1,Medium,24,829
Young,Female,Rent,Single,Close,12400,1,NA,12,229
Middle,Male,Own,Married,Far,130600,0,High,18,3442
Middle,Male,Own,Married,Far,74400,0,High,6,1893
Old,Female,Own,Single,Far,40600,2,Medium,6,690
Young,Female,Rent,Married,Close,54200,1,Medium,6,486
Middle,Male,Own,Single,Far,65400,1,High,12,2290
Middle,Male,Rent,Single,Close,49100,0,NA,6,934
Young,Female,Rent,Single,Close,10600,2,NA,24,517
Young,Female,Rent,Married,Close,76400,0,NA,12,2216
Middle,Female,Rent,Married,Close,93700,1,High,24,1521
Middle,Male,Rent,Single,Far,49000,0,High,18,1523
Middle,Female,Own,Married,Close,96500,1,High,18,1364
Middle,Male,Own,Single,Close,55600,0,NA,12,952
Middle,Male,Own,Married,Close,99600,1,High,6,871
Middle,Female,Own,Married,Close,79900,3,Low,12,295
Old,Female,Rent,Married,Close,50500,0,Medium,12,642
Old,Female,Own,Single,Far,16300,0,Low,6,317
Old,Female,Own,Married,Close,49200,0,Medium,12,1078
Middle,Male,Own,Single,Far,48100,2,Medium,18,961
Middle,Male,Own,Single,Far,61300,2,High,24,1241
Middle,Female,Own,Married,Close,72600,1,NA,18,1999
Young,Male,Rent,Single,Far,19500,0,NA,24,571
Young,Female,Rent,Single,Close,17200,1,NA,12,329
Middle,Male,Rent,Single,Far,51100,0,High,24,1984
Middle,Male,Own,Single,Close,76800,1,Medium,18,1061
Middle,Male,Own,Single,Far,60200,0,High,12,1955
Middle,Male,Rent,Single,Close,59100,2,Low,18,580
Old,Female,Own,Single,Close,32500,0,Medium,24,883
Middle,Female,Rent,Single,Far,49500,2,Medium,12,1195
Middle,Male,Own,Married,Close,109600,1,High,12,2318
Young,Female,Rent,Married,Close,47300,0,NA,6,640
Middle,Male,Rent,Married,Close,93000,1,High,24,2644
Young,Female,Own,Single,Far,32000,1,NA,24,1320
Young,Female,Own,Single,Close,44700,1,Medium,6,502
Old,Female,Own,Married,Close,69400,0,High,18,2419
Middle,Male,Own,Married,Close,64300,2,Medium,6,661
Middle,Male,Own,Single,Far,75400,0,High,24,2723
Middle,Male,Own,Married,Close,96100,0,High,6,1588
Old,Female,Own,Married,Close,118000,3,Low,12,581
Young,Male,Rent,Married,Close,69700,1,Medium,12,1432
Old,Male,Own,Single,Close,59300,0,Medium,12,929
Middle,Female,Rent,Married,Close,88600,3,Low,6,212
Middle,Male,Own,Married,Close,102600,0,High,18,2546
Middle,Male,Rent,Single,Close,43700,0,NA,18,1344
Old,Female,Own,Married,Close,22400,0,NA,24,947
Middle,Male,Rent,Married,Far,70500,1,NA,24,2145
Middle,Male,Own,Married,Close,54200,1,Medium,6,757
Middle,Female,Own,Single,Far,25300,1,NA,6,451
Old,Male,Own,Married,Close,116100,1,High,24,2975
Young,Female,Rent,Single,Close,15900,0,NA,18,406
Middle,Female,Own,Single,Close,46600,3,Low,6,158
Young,Male,Own,Single,Close,23200,0,NA,24,534
Young,Male,Rent,Single,Close,18200,0,Low,12,401
Middle,Female,Own,Married,Close,82700,1,High,18,1753
Young,Female,Rent,Single,Close,17000,0,Low,18,659
Middle,Male,Own,Married,Close,83000,2,Medium,6,726
Young,Female,Own,Married,Close,42400,1,NA,18,1166
Old,Male,Own,Single,Close,40200,2,NA,18,1197
Young,Female,Rent,Single,Far,17300,0,Low,6,411
Middle,Female,Own,Married,Close,109800,1,High,24,2258
Middle,Female,Own,Single,Far,64400,3,Medium,24,1913
Young,Female,Rent,Single,Far,27600,1,Medium,24,893
Young,Female,Rent,Single,Close,25100,1,NA,6,421
Middle,Female,Own,Single,Close,46300,3,NA,6,1138
Old,Female,Own,Married,Far,74900,0,NA,12,1804
Middle,Male,Own,Single,Close,67900,0,High,18,1418
Middle,Male,Rent,Married,Close,88500,2,Medium,24,1104
Middle,Male,Own,Married,Close,99200,3,NA,12,2796
Old,Female,Own,Married,Close,62800,0,High,18,1403
Old,Male,Own,Married,Far,76900,2,High,24,3230
Middle,Male,Own,Married,Close,84100,3,NA,6,1352
Old,Female,Own,Married,Close,77600,0,High,18,2004
Young,Female,Rent,Single,Close,19100,1,Low,18,403
Old,Female,Own,Married,Far,128700,0,High,24,3995
Young,Female,Rent,Single,Far,14400,1,Low,6,390
Old,Male,Rent,Married,Close,49600,0,Medium,6,770
Middle,Female,Rent,Single,Close,47000,0,NA,6,963
Young,Female,Rent,Married,Close,36600,0,Medium,6,833
Middle,Female,Own,Single,Close,65800,1,Medium,12,869
Middle,Male,Rent,Married,Far,52800,2,Medium,12,926
Middle,Male,Own,Married,Close,96500,0,High,24,3780
Middle,Female,Rent,Married,Close,63500,1,Medium,18,1023
Middle,Male,Rent,Single,Close,60400,1,Medium,6,791
Middle,Male,Own,Married,Close,102700,3,NA,12,1473
Middle,Male,Own,Married,Close,100100,2,NA,6,1597
Middle,Male,Rent,Single,Close,54400,0,Medium,6,1150
Middle,Male,Rent,Married,Close,105600,3,Low,6,304
Old,Female,Own,Married,Far,57900,0,High,12,1693
Young,Male,Own,Single,Close,31500,3,Low,18,269
Middle,Female,Rent,Married,Far,60100,1,High,18,1430
Middle,Male,Rent,Married,Close,87400,2,NA,18,2729
Middle,Male,Own,Married,Close,117900,0,High,6,1760
Middle,Male,Own,Single,Close,48800,1,Medium,24,1271
Middle,Female,Own,Married,Close,67900,3,Low,12,356
Old,Male,Rent,Married,Far,66200,0,NA,6,1024
Middle,Male,Rent,Married,Close,88000,2,Medium,6,524
Middle,Male,Rent,Married,Close,94200,1,High,18,1211
Young,Female,Rent,Single,Close,29200,3,NA,6,636
Young,Male,Rent,Single,Far,15300,0,Low,24,645
Young,Male,Rent,Single,Far,17500,0,Low,18,472
Old,Male,Own,Married,Close,168800,0,High,6,1512
Middle,Male,Rent,Single,Far,40200,0,High,18,1634
Young,Male,Rent,Single,Close,28400,3,Low,18,182
Middle,Male,Rent,Married,Far,72200,3,Medium,18,1042
Middle,Female,Own,Single,Far,55200,0,High,18,1714
Middle,Female,Rent,Single,Close,44600,0,Medium,18,966
Middle,Male,Own,Single,Close,58400,0,Medium,12,829
Middle,Female,Own,Single,Close,67800,1,Medium,6,680
Old,Female,Own,Single,Close,25500,0,Low,18,636
Young,Female,Rent,Single,Far,20000,3,Low,6,182
Middle,Male,Rent,Single,Far,52600,1,NA,18,1773
Middle,Male,Rent,Married,Far,97600,1,NA,12,2902
Old,Male,Own,Married,Close,23400,0,Low,6,348
Middle,Female,Own,Married,Close,102500,3,Low,12,548
Middle,Female,Own,Married,Far,52300,1,High,18,2034
Middle,Male,Rent,Single,Far,65400,0,High,12,2296
Young,Male,Rent,Single,Close,19600,0,Low,12,395
Old,Male,Own,Married,Far,37000,0,Medium,12,850
Young,Female,Rent,Single,Far,13200,0,NA,18,512
Middle,Male,Rent,Single,Close,63800,1,Medium,24,1622
Old,Female,Rent,Single,Far,22600,0,NA,12,865
Old,Female,Own,Single,Close,37300,0,Medium,6,673
Young,Male,Rent,Single,Far,14900,1,NA,12,422
Middle,Female,Own,Single,Close,36700,1,NA,6,529
Middle,Male,Own,Single,Close,63200,0,High,24,1932
Old,Male,Own,Married,Close,77300,0,High,18,1853
Middle,Male,Rent,Single,Close,43100,1,NA,12,1224
Middle,Female,Rent,Single,Far,44800,1,Medium,6,666
Old,Female,Rent,Married,Close,70900,0,High,24,1685
Middle,Female,Rent,Single,Far,38200,0,Medium,24,1476
Young,Female,Rent,Single,Far,18400,1,Low,6,319
Middle,Female,Rent,Single,Close,40700,3,Low,18,232
Old,Male,Own,Single,Close,71300,0,High,18,1543
Middle,Female,Rent,Single,Close,36400,2,Low,18,506
Young,Male,Rent,Single,Close,15400,0,Low,6,172
Middle,Male,Own,Single,Far,39100,1,Medium,12,1001
Middle,Male,Rent,Single,Close,43800,0,Medium,12,606
Young,Male,Rent,Single,Far,25300,0,Medium,12,591
Old,Male,Rent,Married,Close,71800,0,High,12,1389
Middle,Male,Own,Single,Close,73200,0,High,24,2177
Middle,Male,Own,Married,Far,79000,1,High,18,2279
Middle,Female,Rent,Married,Close,75200,1,NA,24,2702
Young,Female,Rent,Single,Close,25300,3,NA,6,510
Old,Female,Own,Married,Close,43600,0,Medium,12,1047
Middle,Male,Own,Married,Close,83600,2,Medium,6,538
Middle,Female,Own,Single,Far,56200,0,High,18,1546
Young,Male,Rent,Married,Close,45500,0,Medium,6,754
Middle,Male,Own,Married,Close,99300,1,High,12,1504
Middle,Male,Own,Married,Far,108000,3,High,24,1849
Middle,Female,Own,Married,Far,84900,1,High,24,3072
Middle,Male,Own,Married,Far,93000,3,High,6,1046
Middle,Female,Own,Married,Close,82000,0,High,18,1800
Old,Female,Own,Single,Close,33000,3,NA,6,700
Middle,Female,Own,Single,Close,36900,2,Low,24,514
Middle,Female,Rent,Single,Close,33200,1,NA,6,320
Young,Male,Rent,Married,Close,49300,0,NA,24,1692
Old,Male,Rent,Married,Far,66200,0,High,24,2057
Middle,Male,Own,Married,Far,96800,2,High,18,2299
Old,Male,Own,Single,Close,63200,0,High,24,1507
Old,Male,Own,Married,Far,112900,0,High,24,6217
Middle,Female,Rent,Single,Close,32100,2,Low,24,405
Middle,Male,Own,Married,Far,102700,1,High,18,3785
Middle,Male,Own,Married,Close,123800,2,NA,18,3537
Old,Female,Rent,Single,Far,11700,0,Low,18,540
Middle,Male,Own,Married,Close,101700,1,NA,6,941
Middle,Female,Own,Married,Far,99200,0,High,24,5503
Young,Male,Rent,Single,Close,17600,0,NA,6,273
Young,Female,Rent,Single,Close,19400,1,NA,18,384
Middle,Male,Rent,Single,Far,40500,1,NA,18,1073
Old,Male,Own,Single,Close,44800,0,Medium,24,1417
Middle,Male,Own,Married,Close,79000,2,Medium,18,671
Young,Male,Rent,Married,Close,53600,1,Medium,24,973
